categorie_ID;site;
og003;abarth;
og003;fiat-jeep-abarth-bastia;
og003;abarthcars;
og003;abarthcarconfigurator;
og003;abarthstore;
og003;abarthclassic;
og003;abarthpress;
og004;acura;
og005;aixam-mega;
og005;aixam-cgm;
og005;aixamstdenis;
og005;aixam;
og006;alfaromeo;
og006;jeep.mopar;
og006;156.forum-alfaromeo;
og006;alfa-romeo;
og007;allpar;
og009;astonmartin;
og009;milano.astonmartindealers;
og011;mon-entretien-audi;
og011;konkurs-audi;
og011;de.vtp.audi;
og011;audi-vyborgsky;
og011;audi-premium-buc;
og011;audi-vyborgsky;
og011;usedcars.audi;
og011;sites.audi;
og011;audi;
og013;bentley-netherlands;
og013;bentleymotors;
og014;bmw-klub;
og014;financement-bmw;
og014;bmw-partner.bmw;
og014;bmw-me;
og014;bmw-motorrad;
og014;usato-milano.bmw;
og014;shop.bmw;
og014;bmw-sonadia-nancy;
og014;bmw-bayern-bayonne;
og014;bmw-muenchen;
og014;aktion.bmw;
og014;campmajormoto.bmw-motorrad;
og014;bmw-motorrad;
og014;motostoredocks.bmw-motorrad;
og014;bmw-e21e30;
og014;bmw;
og015;bugatti;
og016;buick;
og017;cadillac;
og017;byo.cadillac;
og018;gerrylane-chevrolet;
og018;remontauto-chevrolet;
og018;vrn.chevrolet-avtomir;
og018;forum.chevrolet;
og018;planes-chevrolet;
og018;chevrolet;
og018;gm-chevrolet;
og019;southfieldchryslerdodgejeepram;
og019;casachryslerjeep;
og019;killebrewchryslerdodgejeep;
og019;hoffmanchryslerjeepdodge;
og019;chryslerdodgejeepramofcolumbia;
og019;centralchryslerjeepdodge;
og019;chrysler-300c;
og019;tempechryslerjeepdodge;
og019;dodgechryslerjeepcity;
og019;zeiglerchryslerdodge;
og019;crchryslerdodgejeepram;
og019;clarkchryslerjeep;
og019;warrensburgchryslerdodgejeep;
og019;lincolnchryslerdodgejeep;
og019;countrychryslerdodgejeep;
og019;jacksonvillechryslerjeepdodge;
og019;chrysler;
og019;hartleyschryslerdodgejeep;
og019;levischrysler;
og019;monroevillechryslerjeep;
og019;dlrcomdash.extra.chrysler;
og019;dlrcomdash.extra.chrysler;
og019;autonationchryslerjeepwest;
og019;covertchryslerdodgejeepram;
og019;edtomkochryslerjeepdodge;
og019;fredoniachryslerdodgejeepram;
og019;kingcottonchrysler;
og019;bossierchryslerdodgejeep;
og019;cullmandodgechryslerin;
og019;orrchryslerdodgejeepramofrussellville;
og019;mathewsdodgechryslerjeep;
og019;bobpoynterchrysler;
og019;lanciachryslerexperience;
og019;erwinchryslerdodgejeep;
og019;laurentianchrysler;
og019;dealerconnect.chrysler;
og019;dakotachryslercenter;
og019;stauntonchrysler;
og019;ronsayerschryslerjeepdodge;
og019;hallchrysler;
og019;sheboyganchryslercenter;
og019;southlakemotorschryslerdodgejeep;
og019;chryslerlife;
og020;citroen-nordoccasions;
og020;accessories.citroen;
og020;citroen-espacecartier;
og020;konfigurator.citroen;
og020;citroen-annecy;
og020;citroen-pau-occasion;
og020;simplydrivefinansowanie.citroen;
og020;citroen-sudautooccasions-castres;
og020;shop.citroen;
og020;mycar.citroen;
og020;configurateur-utilitaires.citroen;
og020;mycitroen-dk.citroen;
og020;citroen-occasion-bayeux;
og020;pneumatiques.citroen;
og020;uralavtoimport.citroen;
og020;accessoires-citroen-lorient;
og020;parkseastkilbride.citroen;
og020;robinsonspeterborough.citroen;
og020;citroen-retail;
og020;citroen-atlantis-garage-saint-herblain;
og020;webstore.citroen;
og020;kaluga.citroen;
og020;accecit.citroen.inetpsa;
og020;concesionarios.citroen;
og020;eurocar.citroen;
og020;configurar-carros.citroen;
og020;colacioppo.citroen;
og020;nordavto.citroen;
og020;carstore.citroen;
og020;citroen;
og021;dacia;
og021;sandero.forum-dacia;
og021;my.dacia;
og021;mein-dacia;
og021;renault-dacia-beziers;
og021;garage-renault-dacia-crolles;
og021;dacia.chroscicki;
og022;daewoo.riaavto;
og022;orel.km4-daewoo;
og022;daewoo.auto-selection;
og022;daewoo.autosite;
og023;daihatsu;
og023;daihatsu-kyushu;
og024;datsun-krasnoyarsk;
og024;nissan-datsun;
og024;datsun-cirebon;
og024;datsun-kirov;
og024;datsun-go;
og024;datsun;
og028;dodgedurango;
og028;dodge;
og028;ramtrucks;
og029;eaglegb;
og030;ferrari;
og031;fiat;
og031;fiat-500-passion;
og031;servicos.fiat;
og031;linkentry.fiat;
og031;promo.fiat;
og031;500s.fiat;
og031;club-fiat-500;
og031;fiat;
og031;fiat-jeep-abarth-bastia;
og031;tipo.fiat;
og031;club-fiat-500-france;
og031;fiat-motor;
og031;fiatprofessional;
og032;ford;
og032;owner.ford;
og032;corporate.ford;
og032;ford-dekkerautogroep;
og032;ford-firmenkunden;
og032;cambridgeclassic-ford;
og032;ford-automartens;
og032;ford-trucks-club;
og032;t.quickquote.ford;
og032;pittsburg-ford;
og032;ekt.ford-avtomir;
og032;ford-pichler;
og032;ford-pontivy;
og032;ford-spirletautomobiles;
og032;ford-kruell-rostock;
og032;ford-koegler-friedberg;
og032;donvance-ford;
og032;ford-arkas-bursa;
og032;ford-directo;
og032;paris-ford;
og032;slada-ford-occasion-toulouse;
og032;ford-wille;
og032;crain-ford;
og032;haendlerkontakt.ford;
og032;ford-wetteri;
og032;zapchasti-ford-ekaterinburg;
og032;fleet.ford;
og032;ford.gr_old;
og032;secure.ford;
og032;ford;
og034;gmc;
og034;garage-gmc;
og034;gmccanada;
og034;garciabuickgmc;
og035;holden;
og036;honda;
og036;motos.honda;
og036;honda-moto;
og036;honda-hainaut;
og036;northwest-honda;
og038;hyundai;
og038;hyundai-samavto;
og038;harbor-hyundai;
og038;hyundai-rewards;
og038;promozione-hyundai-piccamotors;
og038;hyundai-dymos;
og038;hyundai-bayonne;
og038;spirit-hyundai;
og038;euro2016.hyundai;
og038;razbor-hyundai;
og038;portal.hyundai;
og038;hyundai-toulousesud;
og038;hyundai.unicar;
og038;hyundai-usage;
og038;hyundai-autopole;
og038;hyundai-saintdizier;
og039;infiniti;
og039;infinitiusa;
og039;infiniticars;
og039;infinitinews;
og039;infinitipress;
og039;infiniti-me;
og041;sandsservices-isuzu;
og041;isuzu;
og041;isuzu.dealermobilsurabaya;
og041;mtpa-isuzu;
og041;isuzu-estate;
og041;slipendgarages-isuzu;
og041;astra-isuzu;
og041;elf-isuzu;
og042;jaguar;
og042;taxi-jaguar;
og042;jaguar-rennes;
og042;jaguar-tokyo;
og042;maebashi.jaguar;
og042;cars.approved.jaguar;
og042;puetter.jaguar-vertragspartner;
og042;jaguarhouse.leipzig.jaguar-vertragspartner;
og042;schwabengarage.heilbronn.jaguar-vertragspartner;
og042;jaguar-house.bayreuth.jaguar-vertragspartner;
og043;ownersgroup.jeep;
og043;fiat-jeep-abarth-bastia;
og043;jeep;
og044;kia;
og044;kia-sportage;
og044;saranskmotors.kia;
og044;kia-center-telaviv;
og044;bielickie.kia;
og044;kia-avranchesmotors;
og044;kia-echirolles-38;
og044;kia-amersfoort;
og044;kia-fugel-oberlungwitz;
og044;kia-holstein-klein-roennau;
og044;depczynscy.kia;
og044;dtms.kia;
og044;roper-kia;
og044;kia-terneuzen;
og044;optima.kia;
og044;kia-koegler;
og044;sale.kia.russmotors;
og044;kia-dijkstra;
og045;koenigsegg;
og046;classic-lada;
og046;5gor.lada;
og046;lada-holland;
og046;test.lada-forum;
og046;lada77;
og046;lada-avtoruss;
og046;lada;
og046;lada72;
og046;centrauto55.lada;
og046;avtoruss.lada;
og046;sks.lada;
og047;lamborghini-adventure;
og047;cdn-lamborghini-dealersites;
og047;drivemyhuracan.lamborghini;
og047;lamborghini-vancouver;
og047;lamborghini-tuning;
og047;lamborghini-golf;
og047;lamborghini-russia;
og047;lamborghini;
og048;accessoires-lancia;
og048;lancia-forum;
og048;lancia;
og048;alfaromeo-fiat-lancia-arles;
og049;premium-cars-dinnebier.landrover-vertragspartner;
og049;landrover;
og049;unicar.landrover;
og049;landrover-caspianmotors;
og049;alpha.tunisia.landrover-me;
og049;landrover-experience;
og049;landrover;
og050;edgwareroad.lexus;
og050;trade.lexus;
og050;lexus-chambourcy;
og050;carconfig.lexus;
og050;nvr-lexus.keyauto;
og050;toyota-lexus-monaco;
og050;lexus;
og050;lexus-int.;
og052;lotuscars;
og053;ferrari-maserati.italocars-nuernberg;
og053;ferrari;
og055;mazda;
og055;mazda-autohaus-aventi;
og055;razborka-mazda;
og055;vin.mazda-csd;
og055;ms-mazda.calls;
og055;mazda-club;
og055;milcars-mazda;
og055;hoecher-mazda;
og055;ullmann.mazda-autohaus;
og055;mazda-sennhauser;
og055;newport-mazda;
og055;mazda-leemans;
og055;mazda-ottawa;
og056;tokyo.mclaren;
og056;mclaren;
og056;mclarenstore;
og056;cars.mclaren;
og057;me.secure.mercedes-benz;
og057;cars.mercedes-benz;
og057;tarragonaautolica.mercedes-benz;
og057;emb-cda.mercedes-benz;
og057;mercedes-benz-burger-schloz;
og057;mercedes-benz-vogler;
og057;autobeltran.mercedes-benz;
og057;mbspot.mercedes-benz;
og057;aguinaga.mercedes-benz;
og057;bayraktarlarmerkon.mercedes-benz;
og057;claesenzonen.mercedes-benz;
og057;mercedes-benz-hamburg;
og057;rahnstar.mercedes-benz;
og057;mercedes-benz-reitenbach;
og057;bender.mercedes-benz;
og057;mercedes-benz-events;
og058;mercuryvehicles;
og059;mini;
og059;miniusa;
og059;mini-me;
og059;minipozzi;
og059;mini-france;
og059;caradisiac;
og060;occasions.mitsubishi-motors;
og060;masters-mitsubishi;
og060;autohaus-froehlich-mitsubishi;
og060;mitsubishi-motors-vert-saint-denis;
og060;mitsubishi-motors-valence;
og060;mitsubishi;
og060;mitsubishi-motors;
og060;motor-mitsubishi;
og060;seat-kia-mitsubishi-pau.eden-auto;
og060;mitsubishi-kenpo;
og060;chita-mitsubishi;
og060;arkont-mitsubishi;
og063;nissan;
og063;smartparts-nissan;
og063;review.nissan;
og063;nissan-bruyninx;
og063;tls.nissan-haendler;
og063;ncv.nissan;
og063;kuerschner.nissan-haendler;
og063;crayfordandabbs-nissan;
og063;cimini.nissan;
og063;campaign.nissan;
og063;yamaguchi-nissan;
og063;nissan-avenir;
og063;nissan-tver;
og063;kreuz-weber.nissan-haendler;
og063;grimmen.nissan-haendler;
og063;nissan-satio-saga;
og063;nissan-occasion;
og063;nissan-lemans;
og063;history.nissan;
og063;login.eu.nissan;
og063;richardsanders-nissan;
og063;corporate-sales.nissan;
og063;nissan;
og063;saitama-nissan;
og065;opel-toepfer-luebbenau;
og065;opel-angers;
og065;opel;
og065;opel-kramm-berlin;
og065;opel-shop;
og065;vacs.mazzola.it.opel.carusseldwt;
og065;opel-classicparts;
og065;opel-nothhelfer-tuttlingen;
og065;adam-opel;
og065;opel-guenther-schmitt-floersheim;
og065;opel-schlegel;
og065;opel-van-eupen-essen-kray;
og065;opel-sum-bad-krozingen;
og065;opel-ach-saalfeld;
og065;opel-hamann;
og065;tuev-nord-bildung-opel;
og065;opel-baggen;
og065;opel.budmatauto;
og065;carconfigurator.sala.it.opel.carusseldwt;
og065;opel-team-gera;
og065;renault-opel;
og065;opel-weihrauch;
og065;opel-zafira;
og065;opel.fijalkowski;
og065;opel-tours;
og065;opel-saab;
og066;pagani;
og067;panoz;
og067;panozbuyersguide;
og069;info.peugeot;
og069;fr-peugeotrent.peugeot;
og069;peugeot-breal;
og069;espacio-personal.peugeot;
og069;peugeot;
og069;blog.peugeot;
og069;docinfogroupe.psa-peugeot-citroen;
og069;mypeugeot-be.peugeot;
og069;peugeot-clermontferrand;
og069;peugeot-noisy;
og069;accesorios-peugeot;
og069;peugeot-cassis;
og069;madap.peugeot;
og069;207.peugeot;
og069;peugeot-icar;
og069;peugeot-ekb;
og069;configure.peugeot;
og069;peugeot-finance.zbass;
og069;pro.peugeot-news;
og069;peugeot-marcher;
og069;garage-noailles-peugeot;
og069;servicios.peugeot;
og069;pdvnet.peugeot;
og069;configurer.peugeot;
og069;bliz-peugeot;
og069;promociones-pv.peugeot;
og069;peugeot-impress-yourself;
og069;peugeot-club;
og069;rapport.peugeot;
og069;peugeot-occasion-carcassonne;
og069;peugeot.attelage-voiture;
og069;originalzubehoer.peugeot;
og069;brest.peugeot;
og069;peugeot-scooter-daumesnil;
og069;landing.peugeot-retail;
og069;occasionsdulion;
og072;porsche-996-997;
og072;porsche-se;
og072;porsche;
og072;remont-porsche;
og072;porsche-muenster;
og072;porsche-siegen;
og072;porsche-osnabrueck;
og072;porsche-barcelona;
og072;porsche-club-allgaeu;
og072;porsche-club-schwaben;
og072;sciclub.porsche;
og072;trento.porsche;
og072;pec.porsche;
og072;revolution-porsche;
og073;proton;
og073;proton-edar;
og073;proton-egypt;
og074;fcagroup;
og074;ramtrucks;
og074;ramtruckcurrentoffers;
og075;renault-saint-avold;
og075;conf.renault;
og075;renault-longwy;
og075;renault-creteil;
og075;simuladorcredito.renault;
og075;renault-pdj;
og075;renault;
og075;garage-renault-seignosse;
og075;autoservice-renault;
og075;renault-occasion-rousseau-cergy-pontoise;
og075;ami-renault;
og075;finance.renault;
og075;renault-hirson;
og075;renault-comos;
og075;circuit-renault;
og075;garage-dtlv-renault;
og075;preferences.renault;
og075;renault-12;
og075;renault-dacia-beziers;
og075;garage-renault-dacia-crolles;
og075;menga.intra.renault;
og075;singapore.renault-trucks;
og075;dr-renault;
og075;zapchasti-renault-nn;
og075;renault-dunkerque;
og075;renault-ze;
og075;zeiterfassung.intra.renault;
og075;vhcreview.renault-rapidquote;
og075;cars.renault.nordavtotver;
og075;pwd.alg.renault;
og075;garage-oddon-renault;
og075;autoclub-renault;
og075;renault-roux;
og075;renault.ovod;
og076;rolls-roycemotorcars;
og076;rolls-royce;
og077;opel-saab;
og077;saab;
og077;saabgroup;
og078;saleen;
og078;saleenautomotive;
og078;saleenmotors;
og078;saleenclubofamerica;
og080;cars.victory-scion;
og080;scion;
og081;seat;
og081;seatconvoi.seat;
og081;render.seat;
og081;fr.seat;
og081;safe-t-seat;
og081;seat-sport;
og081;seat-pisano-bodino;
og081;volkswagen-seat-tassouautomobiles;
og081;seat-magris;
og081;top-seat;
og081;seat-intc;
og081;sealco.seat;
og081;molinahnosvehiculos.seat;
og081;seat-ales-occasions;
og081;seat-egger;
og081;seatsecompare;
og082;shelby-cars;
og082;shelby;
og083;skoda-chartres;
og083;skoda-portal;
og083;switzerland.skoda;
og083;skoda-vitebskiy;
og083;eshop.skoda-auto;
og083;go.skoda;
og083;forum.skoda-club;
og083;skoda-klische-masters;
og083;skoda-kodiaq;
og083;accessories.skoda-avto;
og083;zapchasti-skoda-spb;
og083;jung-siegelsbach.skoda-auto;
og083;auto-skoda;
og083;mjh.skoda-auto;
og083;forms.skoda-auto;
og083;vw-skoda;
og083;skoda;
og083;stollberg.skoda-auto;
og083;autohaus-huettel-zschopau.skoda-auto;
og083;kundenzufriedenheit.skoda-auto;
og083;cc.skoda;
og083;leadmanagement.skoda;
og083;skoda-auto;
og083;arda-oto-lada-skoda-gazelle.ticiz;
og083;challenges-skoda;
og083;skoda-auto;
og083;kontakt.skoda-auto;
og083;skoda.plichta;
og083;rolf-skoda;
og083;skoda-motorsport;
og083;kochautomobile.skoda-auto;
og083;skoda.avtomir-bs;
og083;events.skoda;
og083;suetterlin.skoda-auto;
og084;smart;
og084;smartusa;
og084;thesmart;
og085;spykercars;
og088;forum-subaru-diesel.soforums;
og088;fox-subaru;
og088;subaru-net;
og088;perm.subaru;
og088;arkhangelsk.c-subaru;
og088;gillman-north.subaru;
og088;sklep.subaru;
og088;simply-subaru;
og088;fairway-sc.subaru;
og088;forester-subaru;
og088;dwaynelane.subaru;
og088;overdrive.subaru;
og088;subaru;
og088;subaru-sauer;
og090;tesla-motors;
og090;tesla;
og090;fede-tesla;
og090;tesla-farm;
og090;e-tesla;
og090;tesla-mag;
og091;touch.toyota;
og091;toyota-4runner;
og091;toyota;
og091;ar.toyota;
og091;gca-flers.concessions-toyota;
og091;toyota-r;
og091;toyota-zamir;
og091;fg-automobiles-bethune.concessions-toyota;
og091;recommend.toyota;
og091;garage-du-centre-romans.concessions-toyota;
og091;greenhoustelford.toyota;
og091;toyota-etampes;
og091;modelinformation.toyota;
og091;toyota-st-etienne;
og091;motorlinenewport.toyota;
og091;kagawa-toyota;
og091;tics.toyota-industries;
og091;tta-saint-maur.concessions-toyota;
og091;toyota-alpessudauto;
og091;kifisos.toyota;
og091;carimpex4x4-toyota;
og091;toyota-steenwijk;
og091;toyota-forklifts;
og091;toyota-accessories.toyota;
og091;wakayama-toyota;
og091;toyota-chr-sg;
og091;toyota-alexandridis;
og091;vantageyork.toyota;
og091;toyota-europe;
og091;monti-autos-bastia.concessions-toyota;
og091;toyota-insurance-quote;
og091;toyota-nanterre;
og091;cc.toyota;
og091;emme3-toyota;
og091;wow-toyota;
og091;toyota-forklifts;
og091;lancasterdurham.toyota;
og091;rolancar-toyota;
og091;toyota-longwy;
og091;toyota-leiderdorp;
og091;cars.chel.toyota-avtomir;
og091;usedcars.listersstratford.toyota;
og091;kredit-toyota;
og091;brest-automobiles.concessions-toyota;
og091;gca-rennes.concessions-toyota;
og091;toyota-konin;
og091;hybrid.sites.toyota;
og091;toyota-lexus-monaco;
og091;toyota-dejonge;
og091;dgmotors-toyota;
og091;toyota-ej;
og091;toyota-finance;
og092;triumph-t3-passion;
og092;triumph-tree;
og092;dev.triumph;
og092;triumph-cham;
og092;triumph-sport;
og092;keiba-triumph.blog;
og092;triumph-provence;
og092;triumph-quimper;
og092;triumph-org;
og092;triumph-teileshop;
og092;triumph-rennes;
og092;triumph-hamburg;
og092;triumphmotorcycles;
og092;triumph;
og093;volkswagen;
og093;info.volkswagen;
og093;app.volkswagen;
og093;sk.volkswagen;
og093;partner.volkswagen;
og093;leasingbiler.kampagne.volkswagen;
og093;volkswagen-commercial;
og093;volkswagen-arkont;
og093;breeze-volkswagen;
og093;cars-volkswagen;
og093;car-net.volkswagen;
og093;volkswagen-zentrum-bergisch-gladbach;
og093;usedcars.volkswagen;
og093;volkswagen-lebanon;
og093;comercialdelreal.volkswagen;
og093;accessories.volkswagen;
og093;volkswagen-zentrum-paderborn;
og093;usedcars.volkswagen-arkont;
og093;famille-volkswagen-utilitaires;
og093;volkswagen-sandsculpture;
og093;vwfamily.volkswagen;
og093;webgate.volkswagen;
og093;volkswagen-finance;
og093;van-mossel-volkswagen;
og093;volkswagen-seat-tassouautomobiles;
og093;furgocasion.volkswagen;
og093;partenaire.volkswagen-entretien;
og093;volkswagen-la-rochelle;
og093;it-app-ssl.volkswagen;
og093;mnf.volkswagen.genser;
og093;volkswagen-dubai;
og093;volkswagen-zentrum-singen;
og094;volvocars;
og094;selekt.volvocars;
og094;volvo-iledefrance;
og094;volvooccasionsanglet;
og094;felix-faure-automobiles;
og094;volvo-toulouse;
og094;volvo-nantes;
og094;actena;
og218;shop.adidas;
og218;adidas;
og218;web.crm.adidas;
og218;cp.adidas;
og218;nike-adidas;
og218;mena.adidas;
og218;reviews.adidas;
og218;adidas-gazelle-pascher;
og218;miteam.adidas;
og218;adidas--outlet;
og218;cp.adidas;
og218;miteam.adidas;
og218;cfg.adidas;
og218;adidas-nmd;
og219;adobe;
og219;photoshop;
og219;myportfolio;
og219;cmo;
og220;stores.advanceautoparts;
og220;m.advanceautoparts;
og220;advanceautoparts;
og221;aeropostale;
og221;link.aeropostale;
og221;phx.corporate-ir;
og222;ru.aliexpress;
og222;es.aliexpress;
og222;collections.aliexpress;
og222;aliexpress;
og222;yvonne.aliexpress;
og222;cyrusher.aliexpress;
og222;nl.aliexpress;
og222;zksports.aliexpress;
og222;cnsec.aliexpress;
og222;bamoer.fr.aliexpress;
og222;cexxyhair.aliexpress;
og222;everpretty.fr.aliexpress;
og223;hire.amazon;
og223;amazon;
og223;amazon.smiles;
og223;music.amazon;
og223;astore.amazon;
og223;associates.amazon;
og223;sellercentral-japan.amazon;
og223;cssmmobile.amazon;
og223;catalog-sc.amazon;
og223;catalog-retail.amazon;
og224;american-airlines;
og225;ae;
og225;aeo;
og225;selectminds;
og226;assurances.americanexpress;
og226;americanexpress;
og226;network.americanexpress;
og226;travel.americanexpress;
og226;insurance.americanexpress;
og227;ancestry;
og227;home.ancestry;
og227;search.ancestry;
og227;ancestrylibrary.proquest;
og228;annaslinens;
og229;apple;
og229;itunes.apple;
og229;apple-television;
og229;support.apple;
og230;applebees;
og230;applebeescanada;
og231;asos;
og231;asoslive.tumblr;
og231;asosplc;
og232;mail.yahoo;
og232;sg.search.yahoo;
og232;ord.yahoo;
og232;ie.yahoo;
og232;sg.celebrity.yahoo;
og232;id.news.search.yahoo;
og232;inform.shopping.yahoo;
og232;yahoo;
og232;golf.fantasysports.yahoo;
og233;audible;
og233;amazon;
og234;autopartswarehouse;
og235;plant.autotrader;
og235;partners.autotrader;
og235;creditapp.autotrader;
og235;motormaxauto.autotrader;
og235;ecr.autotrader;
og235;mototeam.autotrader;
og235;dyrek.autotrader;
og235;lech.autotrader;
og235;autotrader;
og236;autozone;
og236;autozoneinc;
og237;avon-avon-ro;
og237;selling-avon-cosmetics;
og237;catalog-avon;
og237;about.avon;
og237;my-avon;
og237;wroc-avon;
og237;avon;
og237;avoncompany;
og238;barnesandnoble;
og239;basspro;
og241;regalez-bebe;
og241;e-bebe;
og241;bebe-bebe;
og241;prenom-de-bebe;
og241;bebe-ange;
og241;bebe-abordable;
og241;bijoux-bebe;
og241;conception-bebe.skyrock;
og241;tricot-fait-main-bebe.centerblog;
og241;blog.bebe-nounou;
og241;bamboo-bebe;
og241;tumen.mon-bebe;
og241;bebe-shop;
og241;osteopathe-bebe-perpignan;
og241;oh-bebe;
og241;regard-de-bebe-plume;
og241;bebe-nounou;
og241;bebe-lena;
og241;le-sommeil-de-bebe.myshopify;
og241;beni-bebe;
og241;photographe-bebe-toulouse;
og243;forums.bestbuy;
og243;careers.bestbuy;
og243;bestbuy;
og244;best-western-bremerhaven;
og244;wittekindshof.bestwestern;
og244;mail.bestwestern;
og244;schlossmuehle.bestwestern;
og244;bestwestern;
og244;victoria.bestwestern;
og245;beyond;
og246;bjs;
og247;normthompson.blair;
og247;blair;
og248;bloomingdales;
og248;an-argonaut-in-bloomingdales.tumblr;
og249;buckle;
og250;cabelas;
og250;cabelasclubvisa;
og251;cafepress;
og251;cafepressinc;
og252;luma.capitalone;
og252;ane.capitalone;
og252;servicing.capitalone.;
og252;fssso1.capitalone;
og253;corporate.carters;
og254;careers.charlotterusse;
og254;charlotterusse;
og256;hotels.cheapflights;
og257;drinks.chilis;
og257;chilis;
og258;choicehotels;
og258;m.choicehotels;
og259;cinemark-peru;
og259;cinemark;
og260;lyon-coach-sportif;
og260;escort-coach;
og260;moi-coach;
og260;annie-lejeune-coach;
og260;quest-coach;
og260;course-coach-cyrille;
og260;life-coach-bremen;
og260;sylvia.der-body-coach;
og260;digipuncture-coach-minceur-rennes;
og260;der-basen-coach;
og260;efficience-coach;
og260;jpsport-coach;
og260;emilie-coach-ma-dietetique;
og260;toulouse-coach-sportif;
og260;it-career-coach;
og260;nathalie-coach;
og260;blog.coach-et-moi;
og260;mind-coach;
og260;chess-coach;
og260;coach-prosperity;
og260;danke-coach;
og260;coach-sportif-dijon;
og260;sports-coach;
og260;preparation-physique-coach-sportif-personnalise;
og260;etienne-coach;
og260;minceur-coach;
og261;costco;
og261;ecc.costco;
og261;m.costco;
og261;costcopharmacy;
og261;costcochecks;
og261;costcobusinessdelivery;
og262;coupons;
og263;cvs;
og263;cvshealth;
og263;cvsspecialty;
og264;dell;
og265;delta;
og266;diapers;
og267;dickssportinggoods;
og267;myscorecardaccount;
og267;sponsorport;
og268;dillards;
og268;myonlineresourcecenter;
og269;directv;
og270;discoverychannel;
og270;discoveryuk;
og271;creatupatin.disneylatino;
og271;reserve.tokyodisneyresort;
og271;juegos.disneylatino;
og271;disneychannel;
og271;mypersonal.disney;
og271;disneylandparis;
og271;disneytermsofuse;
og271;shanghaidisneyresort;
og271;macollectiondisney;
og271;jogos.disney;
og271;disney;
og271;coloriages.disney;
og271;disneymovierewards;
og271;park.disneylandparis;
og271;disneylists;
og271;disneylandparis.tms.hrdepartment;
og271;disney.service-now;
og271;disneyvideo.altervista;
og271;princessdisney;
og271;tv.disney;
og271;ip.disneycareers;
og271;kids.disney;
og271;my.disneycardclub;
og271;personagi.disney;
og271;disneyexaminer;
og271;micky.disney;
og271;disneylandforum;
og271;miles.disney;
og271;nature.disney;
og271;program.disney;
og271;poupeesdisney;
og271;disney-femslash.tumblr;
og271;disneyzootopia.deviantart;
og271;disneycartoonsex.famouscartoonporno;
og271;disneyenglish;
og271;disneylifestylers;
og271;disneynews;
og271;disneyconcours;
og271;princess.disney;
og271;disneystore;
og271;disneyjunior;
og271;newsletter.disney;
og271;disneypassion.forumcommunity;
og271;baby.disney;
og271;disneyland-busreisen;
og271;disney-family;
og272;retail-dollargeneral.icims;
og272;dollargeneral;
og273;dollartree;
og274;dominospizza;
og275;drjays2020;
og275;drjays;
og276;dsw;
og276;dswshoe;
og276;townshoes;
og277;dunkinathome;
og277;dunkindonuts;
og278;eastbay;
og279;csr.ebay;
og279;payments.ebay;
og279;cart.payments.ebay;
og279;signin.ebay;
og279;offer.ebay;
og279;search.stores.ebay;
og279;scgi.ebay;
og279;deals.cafr.ebay;
og279;portal.ebay;
og279;sell.ebay;
og279;automobile-voiture.shop.ebay;
og279;res.ebay;
og279;cgi6.befr.ebay;
og279;ebay;
og279;members.ebay;
og280;ediblearrangements;
og281;enterprisealive;
og281;rentacar;
og282;etsy;
og283;eversave;
og284;expedia;
og284;faq.expedia;
og284;croisiere.expedia;
og284;media.expedia;
og284;blogi.expedia;
og284;ferienwohnung.expedia;
og285;express;
og286;celestialfootwear;
og286;famousfootwear;
og287;fandango;
og287;fandango.cashstar;
og288;fingerhut;
og288;fingerhutbrands;
og289;finishline;
og289;finishlineusa;
og290;footlocker;
og290;service.footlocker;
og290;footlocker;
og290;footlocker-europe;
og290;usretailcareers-footlocker.icims;
og291;news.forever21;
og291;forever21;
og292;fragrancenet;
og293;frys;
og294;gamestop;
og295;i.gap;
og295;eservice.gap;
og295;gap;
og296;gnc;
og297;google;
og297;books.google;
og297;cse.google;
og297;translate.google;
og297;maps.google;
og297;accounts.google;
og297;scholar.google;
og297;images.google;
og298;groupon;
og298;viaggi.groupon;
og298;works.groupon;
og298;gomerchant.groupon;
og298;merchants.groupon;
og298;maps.groupon;
og298;viajes.groupon;
og298;groupon-shop;
og298;voyages.groupon;
og299;guitarcenter;
og299;used.guitarcenter;
og300;gymboree;
og301;hm;
og302;hrblock;
og303;hautelook;
og304;hayneedle;
og305;hilton;
og306;homedepot;
og307;hottopic;
og308;hotels;
og309;hotwire;
og309;vacation.hotwire;
og310;store.hp;
og310;hp;
og311;mi.hsn;
og311;hsn;
og312;ideeli;
og313;ihop;
og314;ico-worker.apps.ikea;
og314;ikea-liebe;
og314;hotspot.ikea;
og314;ikea;
og314;business.ikea;
og314;ikea.comwww.ikea;
og314;ikea-mebeles;
og314;secure.ikea;
og314;ar.ikea;
og314;info.ikea-usa;
og314;mebel-ikea;
og314;ikea-family;
og315;jcpenney;
og316;apps.jetblue;
og316;jfkhotspot06.jetblue;
og316;hotels.jetblue;
og316;accountreset.jetblue;
og316;jetblue;
og318;jossandmain;
og319;justfab;
og319;style.justfab;
og321;kay-diamonds;
og321;kay;
og321;kayoutlet;
og322;kirklands;
og323;kmart;
og324;kohlls;
og324;answers.kohlls;
og325;kroger;
og325;apply.kroger;
og326;lanebryant;
og326;social.lanebryant;
og326;catherines.lanebryant;
og327;lego;
og327;ru.lego.wikia;
og327;support.legodimensions;
og327;california.legolandtravel;
og327;legostarwars.wikia;
og327;shop.education.lego;
og327;mobilego.wondershare;
og327;revendre-lego;
og327;powerfunctions.lego;
og327;legoland;
og327;factory.lego;
og328;levis;
og329;lids;
og330;livingsocial;
og330;touch.livingsocial;
og331;longhornsteakhouse;
og332;sm.lowes;
og332;images.lowes;
og332;lowes;
og333;wc.assets.macys;
og333;macys;
og334;springhillsuites.marriott;
og334;pages.email1.marriott-vacations;
og334;fairfield.marriott;
og334;gifts.marriott;
og334;renaissance-hotels.marriott;
og334;marriott;
og336;maurices;
og336;custhelp;
og337;meijer;
og338;michaels;
og338;locationsca.michaels;
og339;intuit;
og339;mint;
og340;mlb;
og340;mlbcommunity;
og340;mlbtraderumors;
og341;modcloth;
og341;blog.modcloth;
og342;montgomeryward;
og343;myhabit;
og344;nascarsuperstore;
og345;onassignment.nationalgeographic;
og345;nationalgeographic-maps;
og345;onward.nationalgeographic;
og345;mapmaker.nationalgeographic;
og345;digitalnomad.nationalgeographic;
og345;nationalgeographic-magazine;
og345;nationalgeographic;
og346;nba;
og347;neimanmarcus;
og348;netflix;
og348;whats-on-netflix;
og348;vphone.netflix;
og348;blog.dvd.netflix;
og349;newbalance;
og350;nyandcompany;
og351;flash.newegg;
og351;secure.newegg;
og351;newegg;
og352;nfl;
og352;nflppk;
og352;nfl-players.pointafter;
og353;mercurial-superfly.nike-sis;
og353;nike;
og353;nikefactorystore.nike;
og353;nike-italy;
og353;mail.nike;
og353;nike-more;
og353;nike-shoes-nike;
og353;nike-store;
og353;tasky-nike;
og353;fr-nike;
og353;pages.official.nike;
og353;buty-nike-sklep;
og354;choxi;
og355;directaccess.nordstrom;
og355;nordstrom;
og356;labelsoftware.officedepot;
og356;store.officedepot;
og356;dtmc.officedepot;
og356;officedepot;
og357;oldnavy;
og358;olivegarden;
og359;fullbeauty;
og360;cruises.orbitz;
og360;updates.orbitz;
og360;tdsxpresseu.orbitz;
og360;orbitz;
og361;orientaltrading;
og362;outbacksteakhouse;
og363;overstock;
og364;pages.papajohns-specials;
og364;papajohns;
og364;kemerovo.papajohns;
og364;crm.papajohns;
og365;partycity;
og366;payless;
og367;petco;
og368;petsmart;
og369;pizzahut;
og369;order1.pizzahut;
og370;potterybarn;
og371;form.potterybarnkids;
og371;potterybarnkids;
og372;priceline;
og373;proflowers;
og374;quality-health;
og375;images.qvc;
og375;service.qvc;
og375;qvc;
og376;radioshack;
og377;ralphlauren-doudounes;
og377;lauren-ralph-lauren.glami;
og377;ctm.ralphlauren;
og377;ralph-lauren-france;
og377;ralphlauren;
og378;redlobster;
og379;redbox;
og380;rei;
og381;lavilla-restaurant;
og382;riteaid;
og383;plan.safeway;
og383;tomthumb.safeway;
og383;safeway;
og384;saks;
og385;sallybeauty;
og386;samsclub;
og387;v4.samsung;
og387;training.samsungtelecom;
og387;compte.samsung;
og387;e-contactus.samsung;
og387;my.eu.samsung;
og387;direct.samsungfire;
og387;samsungfire;
og387;hargasamsungandroid;
og387;samsungsimulator;
og387;gems.samsung;
og387;samsung;
og387;crm.samsung;
og387;samsungmobile;
og387;images.samsung;
og387;envio.samsung;
og387;design.samsung;
og387;reparation-telephone-samsung;
og387;samsung-outlet;
og387;tlc.samsung;
og388;local.sears;
og388;sears;
og388;personalization.sears;
og388;my.sears;
og388;pages.email.sears;
og388;secure.sears;
og389;sephora;
og389;media.sephora;
og389;sephora-me;
og389;beauty.sephora;
og389;community.sephora;
og389;satisfaction.sephora;
og389;reviews.sephora;
og389;talent-sephora;
og390;seventhavenue;
og391;shoedazzle;
og392;coronagamerz8u.shutterfly;
og392;minimoonstones20162017.shutterfly;
og392;graduationseason.shutterfly;
og392;deckerfamilyjuly2016.shutterfly;
og392;familysharespace.shutterfly;
og392;marcandbarbgarvinwedding.shutterfly;
og392;i5elite.shutterfly;
og392;cvbrewers.shutterfly;
og392;fireicesoftball.shutterfly;
og392;scwsclassof2022.shutterfly;
og392;olathebiblechurchparentsdayout.shutterfly;
og392;toptiertraining.shutterfly;
og392;calivisitmayjune2016.shutterfly;
og392;tfaelite07.shutterfly;
og392;hudsonrecreationcenter.shutterfly;
og392;winder2youngmen.shutterfly;
og392;midatlanticdirtbags15usummer2016.shutterfly;
og392;impactfc04.shutterfly;
og392;email.shutterfly.talkable;
og392;msmunozssuperstars.shutterfly;
og392;aaaducks16.shutterfly;
og392;shutrerfly;
og393;skype.fr.downloadastro;
og393;skype-portable.fr.uptodown;
og393;skype;
og393;skypeenglishclasses;
og393;skypelogin;
og393;skypefr;
og394;southwest;
og395;sportsauthority;
og396;community.sprint;
og396;sales.prepaid.sprint;
og396;offer.sprint;
og396;idg.sprint;
og396;sprint;
og397;mail1.staples;
og397;ecldocuments.staples;
og397;staples;
og398;starwoodhotels;
og399;local.subway;
og399;subway;
og399;partners.subway;
og400;bestmobileconnection;
og400;developmentmobileonline;
og400;bestmobilebrowser.com-please;
og400;centmobile;
og400;service.t-mobile;
og400;gosmartmobile;
og400;ma.t-mobile;
og400;pro.t-mobile;
og400;popularmechanics.hearstmobile;
og400;bestmobileapplicationsonline;
og400;t-mobile;
og401;target;
og402;apply.texasroadhouse;
og402;texasroadhouse;
og403;tgifridays;
og404;childrensplace;
og405;help.theknot;
og405;blog.theknot;
og405;theknot;
og406;thenorthface;
og407;toysrus;
og407;recrute-toysrus.profils;
og407;content.toysrus;
og408;travelocity;
og409;travelzoo;
og410;tripadvisor;
og410;tripwow.tripadvisor;
og411;turbotax;
og412;ugg;
og413;refer.ulta;
og413;ulta;
og414;underarmour;
og415;united;
og416;urbanoutfitters;
og417;telestore.verizonwireless;
og417;ecrmomcl.west.verizonwireless;
og417;accessibility.verizonwireless;
og417;ecomm.verizonwireless;
og417;verizonwireless;
og418;victoriassecret;
og419;vistaprint;
og419;t.email.vistaprint;
og419;vistaprintdeals;
og419;secure.vistaprint;
og420;walgreens;
og420;photo.walgreens;
og420;webapp2.walgreens;
og420;flyer.walgreens;
og420;builder1-photo.walgreens;
og421;empleoschile.walmart;
og421;service-payment.walmart;
og421;s-store.walmart;
og421;walmart;
og422;wayfair;
og423;login.weightwatchers;
og423;shop.weightwatchers;
og423;profile.weightwatchers;
og423;weightwatchers;
og424;wetseal;
og425;yelp;
og425;fr.biz.yelp;
og425;en.yelp;
og426;zales;
og427;zappos;
og428;zazzle;
og429;zulily;
og435;avis;
og435;eixnbeweb01.rent-at-avis;
og435;hertz;
og435;avis-antilles;
og435;avis-tahiti;
og435;blog.hertz;
og435;avis-senegal;
og437;louisvuitton;
og437;prada;
og437;hermes;
og437;gucci;
og437;france.hermes;
og437;markopol-hermes.lap;
og437;it.stores.hermes;
og437;click.estore.gucci;
og437;uk.hermes;
og437;sweden.hermes;
og437;netherlands.hermes;
og437;portugal.hermes;
og437;private-france.hermes;
og437;ysl;
og437;yslbeauty;
og438;acantho;
og438;amtel;
og438;bt;
og438;free;
og438;foot.orange;
og438;orange;
og438;webmail22.orange;
og438;gcicom;
og438;maccosmetics;
og438;mitel;
og438;ntt;
og438;telefonica;
og438;telitec;
og439;hp;
og439;java-forum;
og439;msi;
og439;lenovo;
og439;dell;
og439;apple;
og439;misco;
og439;fujitsu;
og439;yahoo;
og439;asus;
og439;dell-brand;
og439;mg.mail.yahoo;
og439;mail.yahoo;
og439;uk.yahoo;
og439;ord.yahoo;
og439;finance.yahoo;
og439;video.search.yahoo;
og439;fr.sports.yahoo;
og439;support.apple;
og439;br.search.yahoo;
og439;sg.search.yahoo;
og439;router.asus;
og439;page3.auctions.yahoo;
og439;hp;
og439;it.style.yahoo;
og439;hp;
og439;ie.yahoo;
og439;sg.finance.yahoo;
og439;golf.fantasysports.yahoo;
og439;de.finance.yahoo;
og439;rozygrysh-apple.upzin;
og439;sg.celebrity.yahoo;
og439;my.yahoo;
og439;fr.people.yahoo;
og439;asus-zenfone;
og439;biz.yahoo;
og439;asus-insider;
og439;co.video.search.yahoo;
og439;sip.asus;
og439;inform.shopping.yahoo;
og439;aoschat.apple;
og440;v4.samsung;
og440;compte.samsung;
og440;crm.samsung;
og440;secure.newegg;
og440;delivery.rakuten;
og440;rakuten-sec;
og440;e-contactus.samsung;
og440;pg.rakuten;
og440;samsung;
og440;room.rakuten;
og440;dining.rakuten;
og440;my.eu.samsung;
og440;rakuten;
og440;gems.samsung;
og440;wap.samsung;
og440;shashinkan.rakuten;
og440;images.samsung;
og440;ea.pixmania;
og440;pixmania;
og440;samsung-city;
og440;partner.samsung;
og440;support.rakuten;
og442;sinfo.senati;
og442;login.swn.moe;
og442;matricula.upc;
og442;jsos.pwr;
og442;atauni;
og442;oid.hacettepe;
og442;obs.agri;
og442;ares.pucp;
og442;otomasyon.nigde;
og442;sig.unifei;
og442;unigranrio;
og442;app4.utp;
og442;obs.gumushane;
og442;login.cu;
og442;obs.karatay;
og442;oas.usta;
og442;school-collection;
og442;eduvision;
og442;uonline.newcastle;
og442;ue;
og442;erk.uj;
og442;yalova;
og442;istanbultip.istanbul;
og442;claretiano;
og442;poli;
og442;familia.edu.gva;
og442;moe.edu.kw;
og442;obs.beu;
og442;ieu;
og442;halic;
og442;inclusioneducativa.ulp;
og442;adfs.mapua;
og442;siulweb.unilibrecali;
og442;eul;
og442;acututor.acu;
og442;newportal.emu;
og442;serviap2010.umariana;
og442;guest.kaust;
og442;if.pw;
og442;etipsinav.cu;
og442;learn.scu;
og442;microbes-edu;
og442;portal.unisimonbolivar;
og442;cu;
og442;aula.pamer;
og442;auth2.bilkent;
og442;ugc;
og442;careerssearch.bbc;
og442;my.une;
og442;akdeniz;
og442;connect.tafeqld;
og442;sib.ksu;
og442;unochapeco;
og442;iow.unirg;
og442;uwm;
og442;gcuf;
og442;mail.ksu;
og442;cervantes;
og442;uet;
og442;buc;
og442;aluno.uninovafapi;
og442;ustabuca;
og442;ntu;
og442;ufasta;
og442;lms.latrobe;
og442;academia.uac;
og442;tau.umng;
og442;westerncentral;
og442;aofeklesil.anadolu;
og442;yarbis.yildiz;
og442;my.seu;
og442;sydneytafe;
og442;prd.epp.usergioarboleda;
og442;learnjcu.jcu;
og442;campusvirtual.pucp;
og442;moodle.federation;
og442;cas.myuni.sydney;
og442;uzak.nevsehir;
og442;boardofstudies;
og442;virtual.ifnmg;
og442;kfs;
og442;saml.det;
og442;onestopadmin.uts;
og442;iub;
og442;postitulo.sedes.infd;
og442;ifbcertus;
og442;credit.mans;
og442;distance-pierce-edu.remote-learner;
og442;uelbosque;
og442;mersin;
og442;online.hastane.selcuk;
og442;philadelphia;
og442;uscs;
og442;uac;
og442;udca;
og442;mail.balwynhs;
og442;kwasu;
og442;med.gazi;
og442;alumnos.euroinnova;
og442;yabancidiller.kocaeli;
og442;my.cqu;
og442;campus.tecsup;
og442;gef.gazi;
og442;summer-e-camp.seu;
og442;humanas.unal;
og442;amschool;
og442;study.deakin;
og442;online.feu;
og442;rekrutacja.ump;
og442;nyfa;
og442;web2.macarthurg-h.schools;
og442;unicordoba;
og442;iftm;
og442;telecampus.cun;
og442;mu;
og442;colombobogota;
og442;bilsis.kocaeli;
og442;oidb.dpu;
og442;siul.unilibrebaq;
og442;psychologia;
og442;portalonline.mouralacerda;
og442;ankaratiphastaneleri.medicine.ankara;
og442;administracion.uexternado;
og442;nuwm;
og442;amu;
og442;feu;
og442;galgotiasuniversity;
og442;student.csu;
og442;sanjosemanyanet;
og442;ubs.zirve;
og442;portal.iv-edu;
og442;tip.hacettepe;
og442;dictionaryblog.cambridge;
og442;ulusem.uludag;
og442;npu;
og442;eenu;
og442;cheng.hacettepe;
og442;yazokulu.karabuk;
og442;secim.atauni;
og442;xarxallibres.edu.gva;
og442;umc;
og442;filialsur.usmp;
og442;guestportal.byo.eq;
og442;kmu;
og442;klu;
og442;interface;
og442;yabancidiller.istanbul;
og442;gust.edu.kw;
og442;ies21;
og442;baskent-adn;
og442;swinburneonline;
og442;unasp-ec;
og442;awkum;
og442;ubt;
og442;kardan;
og442;zbr.gazi;
og442;i-learn.uitm;
og442;uffs;
og442;federation.education;
og442;portal.psb-academy;
og442;lahoreschoolofeconomics;
og442;eclass.chuenyuen;
og442;ttu;
og442;pucit;
og442;fich.unl;
og442;my.uoh;
og442;undav;
og442;ial;
og442;sis6.pup;
og442;ead.moodle.uergs;
og442;agenciadenoticias.unal;
og442;result.arts.cu;
og442;unilavras;
og442;portal.secure.griffith;
og442;mvsrec;
og442;quinchana.usco;
og442;angielski;
og442;ava.utfpr;
og442;prime;
og442;bienestaru.cun;
og442;siga.untecs;
og442;lae-edu;
og442;zaloguj.libratus;
og442;law;
og442;tek.firat;
og442;site2.usil;
og442;asces;
og442;mail1.tu;
og442;kafemud.bilkent;
og442;ebs.sakarya;
og442;pasaporte.urosario;
og442;sisstudents.pup;
og442;shmyo.karabuk;
og442;davinci;
og442;docente.ifrn;
og442;campusbus.ntu;
og442;vlsi.imio.pw;
og442;husis.hamdard;
og442;rct;
og442;puce;
og442;admisiones.uao;
og442;taibahu;
og442;zmyo.beun;
og442;skhbbss;
og442;uds;
og442;axis.curn;
og442;campus.isikun;
og442;mkbhavuni;
og442;qoodle.uvq;
og442;moodleeco.unsa;
og442;uniuyo.nucdb;
og442;colegio-humboldt;
og442;shiats;
og442;funca;
og442;fahce.unlp;
og442;hpk;
og442;autoservicio.uniandes;
og442;elearning.psb-academy;
og442;lms.gelisim;
og442;iibf.beun;
og442;fm.unt;
og442;smart.decision;
og442;mis.universityofbohol;
og442;ygk.edu.yar;
og442;ui;
og442;agr.alexu;
og442;admissions.sr;
og442;portal.uw;
og442;sgsportal.upm;
og442;ps-cs.secure.griffith;
og442;biblioteca.utfpr;
og442;konservatuvar.deu;
og442;institutoiea;
og442;portal.fcmscsp;
og442;smart.zegelipae;
og442;lectures.yasar;
og442;anadolu;
og442;gwmk;
og442;teach.udemy;
og442;szabmu;
og442;if.kocaeli;
og442;hastane.beun;
og442;hospital.ju;
og442;learning.cbdcollege;
og442;ibs.inonu;
og442;unc;
og442;openerp.aun;
og442;campus.hau;
og442;isos.kpsw;
og442;bb.cas;
og442;ir.metu;
og442;hicit.sha;
og442;mail.ifpa;
og442;ircoedu.uobaghdad;
og442;asp;
og442;fcat;
og442;ub;
og442;sabif.istanbul;
og442;eclass.lamwoo;
og442;iliria-balkan;
og442;tip;
og442;moodle.bra.ifsp;
og442;oim.ieu;
og442;facartes.unal;
og442;portal.fametro;
og442;syllabus.bostes;
og442;germanistyka.amu;
og442;solicitudes.ucentral;
og442;sims.pau;
og442;aleph.upc;
og442;wifi3.acd.puc-campinas;
og442;webmailstudent.cankaya;
og442;eclass.ihmc;
og442;wireless.monash;
og442;websams.skhlkmss;
og442;bedokgreenpri.moe;
og442;orient.uj;
og442;ophion.eafit;
og442;mail.uob;
og442;mycems.sp;
og442;ead.ufcspa;
og442;moodle.isur;
og442;e.yasar;
og442;sit;
og442;sn.polyu;
og442;yadyok.boun;
og442;gqaustralia;
og442;npc;
og442;fbe.marmara;
og442;asap.pwsz-ns;
og442;iem;
og442;faex;
og442;overseas.ncnu;
og442;colpae;
og442;duke-nus;
og442;dsd;
og442;diracademica.manizales.unal;
og442;avrupa.marmara;
og442;newhorizons;
og442;unr;
og442;henryparkpri.moe;
og442;mybuk.buk;
og442;bibliotecas.unal;
og442;bbc;
og442;cambridge;
og442;coursera;
og442;kartable;
og442;openclassrooms;
og442;rincondelvago;
og442;studenti;
og442;studentville;
og442;udemy;
og442;xing;
og443;secure.hulu;
og443;whats-on-netflix;
og443;msn;
og443;youtube;
og443;tubemate-youtube-downloader.tr.uptodown;
og443;hulu;
og443;ads.telecinco;
og443;t.msn;
og443;videos.huffingtonpost;
og443;es.msn;
og443;msnbc.msn;
og443;be.msn;
og443;s.telegraph;
og443;dailymotion;
og443;youtube-converter;
og443;youtube-converter;
og443;youtube;
og443;allmyfaves;
og443;amc;
og443;ellentv;
og443;gardaland;
og443;parksmania;
og443;huffingtonpost;
og443;telecinco;
og443;telegraph;
og443;tropicanafm;
og443;tvmoda;
og444;barclays;
og444;personalisedcard.barclays;
og444;b-net.barclays;
og444;locator.natwest;
og444;prive.budget.fortuneo;
og444;e-finance.barclays-partnerfinance;
og444;telefonica;
og444;mail.myrewards.natwest;
og444;tesoro;
og444;investmentbank.barclays;
og444;invest.etrade;
og444;casamariano.e.telefonica;
og444;bnpparibas;
og444;boursorama;
og444;defaqto;
og444;foresters;
og444;posteitaliane;
og444;tescobank;
og444;the-fca;
og445;homemade-baby-food-recipes;
og445;mexican.food;
og445;food-service;
og445;my-passion-for-food.tumblr;
og445;p-food;
og445;food-interim;
og445;food-allied;
og445;bearded-dragon-food;
og445;versailles-food;
og445;shop.allrecipes;
og445;food-truck-renard;
og445;pizz-and-food;
og445;food-4-less;
og445;novo-food;
og445;phil-food;
og445;kolossal-food;
og445;haiti-food-truck;
og445;vegetarian-food;
og445;thaifood.food-recipe-cooking;
og445;ninas-kleiner-food-blog;
og445;surti-tienda;
og445;ordersatz.fresh-food-services;
og445;food-and-farm;
og445;zlata-food;
og445;mail.neworleans-food;
og445;n-food;
og445;sinta-haifa.food;
og445;greenrollsushi.food;
og445;shushu-food;
og445;natural-food-barn.myshopify;
og445;restaurant.opentable;
og445;foiregourmande;
og445;foodnetwork;
og445;gymkhanalondon;
og445;mangibene;
og445;peck;
og445;spanishtaste;
og445;tienda;
og446;ninja-game;
og446;ga1.game-program;
og446;guidesarchive.ign;
og446;m-game;
og446;ad.app.koi-game;
og446;daub-game.casinomodule;
og446;homefront-game;
og446;skillonnet-game.casinomodule;
og446;coc.game-k2;
og446;fr.battleship-game;
og446;betclicit-game.casinomodule;
og446;game-factory;
og446;rockfishing-game.over-blog;
og446;scorn-game;
og446;ae.game-store;
og446;ign;
og446;polygon;
og446;kotaku;
og446;ninja-game;
og446;ga1.game-program;
og446;guidesarchive.ign;
og446;m-game;
og446;ad.app.koi-game;
og446;daub-game.casinomodule;
og446;homefront-game;
og446;skillonnet-game.casinomodule;
og446;coc.game-k2;
og446;fr.battleship-game;
og446;betclicit-game.casinomodule;
og446;game-factory;
og446;rockfishing-game.over-blog;
og446;scorn-game;
og446;ae.game-store;
og446;ign;
og446;polygon;
og446;kotaku;
og447;register.diet.mayoclinic;
og447;midyorks;
og447;survey.o.webmd;
og447;uhb;
og447;webmail.swlstg-tr;
og447;footy-boots;
og447;medicamentos.doctissimo;
og447;lnwh;
og447;nutricion.doctissimo;
og447;erostering.uhns;
og447;doctissimo;
og447;boots-boerse;
og447;letstalkaboutit;
og447;ipswichhospital;
og447;liverpoolwomens;
og447;aemps;
og447;crisflower;
og447;e-sante;
og447;mayoclinic;
og447;doctissimo;
og447;nih;
og447;patient;
og447;vitiligine;
og447;webmd;
og448;ancestry;
og448;trees.ancestry;
og448;ug.du;
og448;learn.ufs;
og448;genesreunited;
og448;portal.unsrat;
og448;inmigracion.about;
og448;hints.ancestry;
og448;ancestry;
og448;archives;
og448;culture;
og448;familysearch;
og448;findmypast;
og448;findmypast;
og448;freeukgenealogy;
og448;genealogie;
og448;genealogybank;
og448;genealogyintime;
og448;genealogysupplies;
og448;geneanet;
og448;genesreunited;
og448;genuki;
og448;myitalianfamily;
og448;thegenealogist;
og449;trivago;
og449;beyond;
og450;v4.samsung;
og450;support.apple;
og450;compte.samsung;
og450;crm.samsung;
og450;myxperia.sonymobile;
og450;samsung;
og450;helpblog.blackberry;
og450;airis;
og450;alcatel-mobile;
og450;bqmobile;
og450;htc;
og450;lg;
og450;nokia;
og450;motorola;
og450;samsung;
og450;sonymobile;
og450;vmall;
og451;photobox;
og451;flexilivre;
og451;defefozuma.jimdo;
og451;apercu.photoweb;
og451;theromazzanospace.jimdo;
og451;aide.jimdo;
og451;espacelettres3.jimdo;
og451;we-and-junkernbeel.jimdo;
og451;h2o-cleo-rikki-e-emma.jimdo;
og451;luigi2498blogpsptutos.jimdo;
og451;cassiaturiana.jimdo;
og451;patasdelosfrancos.jimdo;
og451;escapadesencampingcar.jimdo;
og451;celeste-narita.jimdo;
og451;pronex.jimdo;
og451;traildelabaiedesomme.jimdo;
og451;hundetrick.jimdo;
og451;ortoecologo.jimdo;
og451;restaurant-le-nem-tournefeuille.jimdo;
og451;exoplanetkm.jimdo;
og451;judoclubbocagebressuirais.jimdo;
og451;uneviesansgluten.jimdo;
og451;colombierdudouit.jimdo;
og451;swimrun-sangpoursangsport.jimdo;
og451;traildupactedesloups.jimdo;
og451;cc-valdeaisne.jimdo;
og451;diebolt.jimdo;
og451;marinalondon.jimdo;
og451;arcadina;
og451;bluekea;
og451;digilablondon;
og451;dpreview;
og451;flexilivre;
og451;fotografos;
og451;lensculture;
og451;multimagen;
og451;myphotoportal;
og451;photoweb;
og451;popphoto;
og454;projets.cotemaison;
og454;magasins.alinea;
og454;lovethesign;
og454;home24;
og454;houzz;
og454;alinea;
og454;bathroom-design-guide;
og454;cleaningexpert;
og454;cotemaison;
og454;decoesfera;
og454;decoratrix;
og454;energysavingtrust;
og454;housetohome;
og454;lovli;
og454;marieclairemaison;
og454;myleitmotiv;
og454;porch;
og455;adidas;
og455;cp.adidas;
og455;shop.adidas;
og455;cp.reebok;
og455;web.crm.adidas;
og455;thenorthface;
og455;pages.official.nike;
og455;shop.lacoste;
og455;mena.adidas;
og455;fr.puma;
og455;es.puma;
og455;reviews.reebok;
og455;sportmarket;
og456;fr.sports.yahoo;
og456;games.espn.go;
og456;video.lefigaro;
og456;footmercato;
og456;abonnes.lequipe;
og456;nascar.nbcsports;
og456;sofoot;
og456;medias.lequipe;
og456;espn;
og456;stream.nbcsports;
og456;nbcsports;
og456;eurosport;
og456;sports.nbcsports;
og456;clearance.asics;
og456;entretenimiento.univision;
og456;nfl;
og456;nba;
og456;beinsports;
og456;esp;
og456;marca;
og456;maxisport;
og456;skysports;
og456;sportful;
og456;sportzone;
og456;univision;
og457;recrute-toysrus.profils;
og457;toysrus;
og457;content.toysrus;
og457;cdn.toysrus;
og457;webstoreperf.toysrus;
og458;travelsupermarket;
og458;novotel;
og458;aa;
og458;sso.aa;
og458;content.enews-airfrance;
og458;ryanair.esky;
og458;cm-aa;
og458;msg-p.airfrance;
og458;airportparking.ryanair;
og458;if.corp.iberia;
og458;sofitel-munich;
og458;accorhotels;
og458;sofitel-dubai-thepalm;
og458;airfrance;
og458;autoeurope;
og458;barcelo;
og458;britishairways;
og458;carflexi;
og458;ouibus;
og458;novotel;
og458;iberia;
og458;redroof;
og458;rentalcars;
og458;ryanair;
og458;sixt;
og458;sofitel;
og458;travelsupermarket;
og458;easyjet;
og459;zankyou;
og459;matrimonio;
og459;topwedding;
og459;helene-pierre.zankyou;
og459;dkmille.zankyou;
og459;caetiago.zankyou;
og459;help.theknot;
og459;sarahalexis.zankyou;
og459;elle-a-dit-oui.zankyou;
og459;anais-et-maxime.zankyou;
og459;wedding-makeup;
og459;sylviaguillaume.zankyou;
og459;elizabethedoardo.zankyou;
og459;delphpaul18062016.zankyou;
og459;lemariagedennyantoine.zankyou;
og459;marocco-wedding;
og459;caroline-thibaud.zankyou;
og459;world-wedding-traditions;
og459;ido-wedding;
og459;blog.theknot;
og459;sophie-et-thomas-se-marient.zankyou;
og459;abbastian.zankyou;
og459;angeloerossella.zankyou;
og459;ricknseph.zankyou;
og459;wedding-image;
og459;michelleandkyle.gettingmarried;
og459;lado11.lemienozze;
og459;am0608.zankyou;
og459;celineetjc.zankyou;
og459;lotus-wedding;
og459;my-wedding-ideas;
og459;moomins-wedding;
og459;dianicolas.zankyou;
og459;tahoe-wedding;
og459;regisetmathilde.zankyou;
og459;giuseppeanna.zankyou;
og459;yulianna-wedding.io;
og459;silicone-wedding-rings;
og459;photo-mariage-wedding;
og459;wedding-event-nannys;
og459;go.gettingmarried;
og459;marine-et-loic.zankyou;
og459;sophieclement.zankyou;
og459;magalior.zankyou;
og459;elkeetpierre-marie.zankyou;
og459;fahrschule-wedding;
og459;wissen-im-wedding;
og459;mauraesimone.zankyou;
og459;saichececisposiamo.zankyou;
og459;audesylvain.zankyou;
og459;alix-et-guillaume.zankyou;
og459;giovanniejessica.zankyou;
og459;wonderpaint-wedding;
og459;beach-wedding-themes;
og459;cecilejean-baptiste.zankyou;
og459;maurobarbara.zankyou;
og459;alexiapascal0207.zankyou;
og459;duet-wedding;
og459;wedding-project-art;
og459;alexia-et-manuel.zankyou;
og459;steveangie.zankyou;
og459;emmaandritchie.gettingmarried;
og459;juananavaydavid.zankyou;
og459;tinoeangela.lemienozze;
og459;stadtbad-wedding;
og459;sandroelorenza.zankyou;
og459;sidoetantoine.zankyou;
og459;il17portabene.zankyou;
og459;julianeetromain.zankyou;
og459;konkatsu-wedding;
og459;tobiandtolu.zankyou;
og459;francoismarie.zankyou;
og459;walmart.wedding.cake;
og459;brzy0i.sv4txv.wedding-wedding;
og459;diana-and-nick.are.gettingmarried;
og459;nelaval-wedding-planner.com.nerdydata;
og459;vincentbourrut-wedding;
og459;clive-andrea.gettingmarried;
og459;fabioeannasposi.lemienozze;
og459;nicolechristoph.zankyou;
og459;alexandria-and-stuart.gettingmarried.co.ukchrome;
og459;stephanieetguillaumemariage.zankyou;
og459;olympe.zankyou;
og459;wedding-kaitori;
og459;anneclaire-et-gilles.zankyou;
og459;laurayjavi.wedsiting;
og459;paulinesamir.zankyou;
og459;mrandmrsbarbezat2016.zankyou;
og459;williameleonore.zankyou;
og459;heloiseandy.zankyou;
og459;roblailuuetrobxie.zankyou;
og459;camilleetkamil.zankyou;
og459;julienetvalerie2015.zankyou;
og459;1jourmagique;
og459;appycouple;
og459;gettingmarried;
og459;hitched;
og459;lasbodasdetatin;
og459;lemienozze;
og459;mywedding;
og459;theknot;
og459;topwedding;
og459;wedsiting;
og459;weddingonacloud;
og460;tdameritrade;
og460;xtrade;
og460;invest.etrade;
og460;24option;
og460;activtrades;
og460;etrade;
og460;fxcm;
og460;ironfx;
og460;lcg;
og460;markets;
og460;optionshouse;
og460;optionweb;
og460;saxomarkets;
og460;sharkopciones;
og460;tacticasdetrading;
og460;tdameritrade;
og460;topoption;
og461;burton;
og461;euro2016.eurosport;
og461;careerssearch.bbc;
og461;best11.eurosport;
og461;l.mail.burton;
og461;chamrousse-ski-club;
og461;location-ski.sport2000;
og461;location-ski.sport2000;
og461;forum.ski;
og461;swiss-ski;
og461;maison-bbc;
og461;fedme;
og461;debuzz.wordpress.eurosport;
og461;itbuzz.wordpress.eurosport;
og461;stations-de-ski;
og461;ssl.test.bbc;
og461;ski-doopartspitstop;
og461;loudun.sport2000;
og461;power-ski;
og461;ski-eberschwang;
og461;domaine-regis-rossignol;
og461;ski-aichi;
og461;ski-andorra;
og461;bbc;
og461;burton-by-lincoln;
og461;regnounito.bbc-llp;
og461;ski-bums;
og461;xn--mein-schnheitsgarten-bbc;
og461;marinsports.sport2000;
og461;newsrss.bbc;
og461;location-ski-montgenevre;
og461;sportvac-ski;
og461;eurosport;
og461;tv.au.eurosport;
og461;search.ski-flights;
og461;nninecrafftiik.ski-omsk;
og461;ffr-ski;
og461;sport2000-kelheim;
og461;mostbeautifulcar.eurosport;
og461;ru.atomic-monkey.wikia;
og461;aresa-ski-montagne;
og461;bbc-ministries;
og461;malta-ski;
og461;desnivel;
og461;tracq.sport2000;
og461;lesko-ski;
og461;occasion-du-ski;
og461;meribel-ski-paysagisme;
og461;ski-zermatt;
og461;eurosport;
og461;ardeche-escalade-canyon-ski;
og461;alpinesportshop;
og461;atomic;
og461;fedme;
og461;fis-ski;
og461;fischersports;
og461;fisi;
og461;neveitalia;
og461;teambss;
og461;top-ski;
og461;usskiteam;
og462;click.mail.theguardian;
og462;help.animaljam;
og462;ripobin.peta-rank;
og462;store.livescience;
og462;onassignment.nationalgeographic;
og462;onward.nationalgeographic;
og462;holidays.theguardian;2
og462;nationalgeographic-maps;1
og462;30millionsdamis;
og462;ad-international;
og462;animaldiversity;
og462;animaljam;
og462;captiveanimals;
og462;chesterzoo;
og462;friendsofanimals;
og462;livescience;
og462;nationalgeographic;
og462;ngkids;
og462;onekind;
og462;peta;
og462;theguardian;
og462;worldanimalday;
og463;dallas.craigslist;
og463;ebay;
og463;philadelphia.craigslist;
og463;cosprings.craigslist;
og463;milwaukee.craigslist;
og463;chattanooga.craigslist;
og463;befr.ebay;
og463;binghamton.craigslist;
og463;annarbor.craigslist;
og463;muskegon.craigslist;
og463;feedback.ebay;
og463;huntington.craigslist;
og463;santamaria.craigslist;
og463;contact.ebay;
og463;reg.ebay;
og463;ocsnext.ebay;
og463;twinfalls.craigslist;
og463;nwct.craigslist;
og463;rover.ebay;
og463;blacksburg.craigslist;
og463;westmd.craigslist;
og463;niagara.craigslist;
og463;grandforks.craigslist;
og463;ecx.images-amazon;
og463;sellercentral-japan.amazon;
og463;swva.craigslist;
og463;k2b-bulk.ebay;
og463;amazon;
og463;groupon;
og463;payments.ebay;
og463;swoggi;
og463;aukcja.catawiki;
og463;bidspotter;
og463;british-car-auctions;
og463;catawiki;
og463;codop;
og463;copart;
og463;ebid;
og463;encherevip;
og463;leboncoin;
og463;oopad;
og463;promoshops;
og464;voiture.autoplus;
og464;e-motors;
og464;autonews;
og464;bmw-klub;
og464;mb-race;
og464;financement-bmw;
og464;coches-ocasion.autobild;
og464;bmw-partner.bmw;
og464;webmail.cars;
og464;autobild;
og464;bmw-me;
og464;fiche-technique.autoplus;
og464;bmw-motorrad;
og464;bmw;
og464;cars-data;
og464;american-cars.net16;
og464;intec-motors;
og464;click.messages.autotrader;
og464;vintage-motors;
og464;bmw-sonadia-nancy;
og464;racer-motors;
og464;bmw-bayern-bayonne;
og464;dealerops.autotrader;
og464;medias.autonews;
og464;plant.autotrader;
og464;occasions.mitsubishi-motors;
og464;delek-motors;
og464;cars-eyrieux;
og464;bmw-muenchen;
og464;toy-electric-cars;
og464;aqs-motors;
og464;automobile-magazine;
og464;autoplus;
og464;autotrader;
og464;carmagazine;
og464;drivek;
og464;kbb;
og464;topcentercar;
og464;topgear;
og464;topgtasti;
og465;us.as;
og465;bluejays.mlb;
og465;orioles.mlb;
og465;chicago.cubs.mlb;
og465;r.wwe.mlb;
og465;dbacks.mlb;
og465;pittsburgh.pirates.mlb;
og465;mlb.tickets;
og465;ducksdynasty.baseball.cbssports;
og465;baseballmania;
og465;padule-baseball;
og465;baseballamerica;
og465;baseballsoftballuk;
og465;britishbaseball;
og465;ffbsc;
og465;mlb;
og465;mlbfrance;
og465;rfebs;
og465;scoreboard;
og465;stbaseball;
og465;thebaseballshop;
og465;usabaseball;
og465;baseballprospectnation;
og466;basket4ballers;
og466;web.legabasket;
og466;ru.global.nba;
og466;acb-caravans;
og466;wwwp.feb.unesp;
og466;acb.gujarat;
og466;enebea.global.nba;
og466;maksi.feb.ugm;
og466;nba-pro;
og466;insidehoops;
og466;basket4ballers;
og466;basketballengland;
og466;basketballstore;
og466;bbl;
og466;feb;
og466;ffbb;
og466;fip;
og466;givemesport;
og466;hoopshype;
og466;legabasket;
og466;lnb;
og466;ukathletics;
og466;unicajabaloncesto;
og466;usab;
og467;bfmbusiness.bfmtv;
og467;finance.yahoo;
og467;news.yahoo;
og467;auto.bfmtv;
og467;forbes;
og467;kiplinger;
og467;panorama-ogic;
og467;social-login.cnn;
og467;cnn;
og467;accounts.ft;
og467;karolinen-gymnasium-ft;
og467;ft-shop;
og467;mediadirectory.economist;
og467;aventure-capital;
og467;europe.wsj;
og467;panorama-nieruchomosci;
og467;americaeconomia;
og467;bloomberg;
og467;eleconomista;
og467;economist;
og467;icaew;
og467;italia-magazine;
og467;icaew;
og467;latribune;
og467;thisismoney;
og468;support.apple;
og468;verne.elpais;
og468;elpais;
og468;toscana.istruzione;
og468;boutique.letudiant;
og468;residences.clubetudiant;
og468;aoschat.apple;
og468;duke-nus;
og468;lkyspp.nus;
og468;sso.elpais;
og468;ninjaessays;
og468;koofers;
og468;asos;
og468;budgetautonoleggio;
og468;clubetudiant;
og468;elpais;
og468;estudiantesdelaplata;
og468;imagine-r;
og468;letudiant;
og468;savethestudent;
og468;studentbeans;
og468;studentuniverse;
og469;misya;
og469;odelices;
og469;verne.elpais;
og469;elpais;
og469;shop.allrecipes;
og469;sso.elpais;
og469;foodnetwork;
og469;epicurious;
og469;7canibales;
og469;afuegolento;
og469;allrecipes;
og469;bbcgoodfood;
og469;cookfood;
og469;cuisineaz;
og469;deliaonline;
og469;deliciousmagazine;
og469;giallozafferano;
og469;lacucinaitaliana;
og469;marmiton;
og469;misya;
og469;odelices;
og470;mtv;
og470;mobi.ca.match;
og470;couple.journaldesfemmes;
og470;news.mtv;
og470;fandom.mtv;
og470;wcs-mtv;
og470;scream-tv-series-mtv.wikia;
og470;community.mtv;
og470;ecolo.blogs.marieclaire;
og470;mtv-altendorf;
og470;perfect-match-for-myself;
og470;www-match-com-reviews.measuredup;
og470;eshop.marieclaire;
og470;su.mtv;
og470;bef.match;
og470;appycouple;
og470;aufeminin;
og470;cclgb;
og470;ccli;
og470;couplesresorts;
og470;distinctiveitalyweddings;
og470;gottman;
og470;journaldesfemmes;
og470;loventine;
og470;marieclaire;
og470;soaveitalianwedding;
og471;e-cruise;
og471;cruise-inns;
og471;cruise;
og471;cruise-employment;
og471;albatrostopboat;
og471;costacroisieres;
og471;croisierenet;
og471;cruisecritic;
og471;cruisedeals;
og471;cruisedirect;
og471;cruiseexperts;
og471;cruisesonly;
og471;lastminuteclick;
og471;murciaturistica;
og471;promocroisiere;
og471;starclippers;
og471;top-cruises;
og471;travelfool;
og472;forbes;
og472;cio-online;
og472;www-356.ibm;
og472;investopedia;
og472;executivebiz;
og472;c-suiteanalytics;
og472;c-suitenetwork;
og472;c-suiteresources;
og472;chefdentreprise;
og472;cio;
og472;compstudy;
og472;convinceandconvert;
og472;csuiteassistants;
og472;csuitesoffices;
og472;diligent;
og472;energynow;
og472;gpomag;
og472;hbr;
og472;netpme;
og472;spartapublishing;
og472;thecsuite;
og473;newegg;
og473;crutchfield;
og473;amazon;
og473;payments.amazon;
og473;astore.amazon;
og473;music.amazon;
og473;music.amazon;
og475;ticketmaster;
og475;eventbrite;
og475;eventim;
og475;seetickets;
og475;timeout;
og475;viagogo;
og475;stubhub;
og475;click.email.ticketmaster;
og475;eventbrite;
og475;dogfest.seetickets;
og475;partenaires.ticketmaster;
og475;secure.eventim;
og475;getmein;
og475;nutickets;
og475;seetickets;
og475;ssearena;
og475;ticketarena;
og475;ticketbooth;
og475;ticketline;
og475;visitlondon;
og476;fr.vestiairecollective;
og476;foros.vogue;
og476;popsugar;
og476;elle;
og476;instyle;
og476;me.popsugar;
og476;vogue;
og476;boutique-pour-elle;
og476;link.cosmopolitan;
og476;cosmopolitan;
og476;blog.elle;
og476;cosmopolitan;
og476;cosmopolitan-jp;
og476;elle-et-lui;
og476;exceptionn-elle;
og476;subscribe.vogue;
og476;trust-me-i-look-better-naked.tumblr;
og476;links.ru.topshop;
og476;images-ff.asos-media;
og476;minova-look;
og476;look-voyages-au-portugal;
og476;elle-est-belle;
og476;traiteur-vogue-receptions;
og476;romanticrome.vogue;
og476;univers-elle;
og476;world-look;
og476;look-and-buy;
og476;munich-instyle;
og476;asos;
og476;donnamoderna;
og476;fashionmagazine;
og476;glamourmagazine;
og476;grazia;
og476;hola;
og476;iodonna;
og476;look;
og476;topshop;
og476;vestiairecollective;
og476;wmagazine;
og477;es.gizmodo;
og477;pages.official.nike;
og477;ui.bingads.microsoft;
og477;lumiaconversationsuk.microsoft;
og477;academic.research.microsoft;
og477;imagineacademy.microsoft;
og477;nike-italy;
og477;nike;
og477;cloud.misfit;
og477;garmin;
og477;fitbit;
og477;gizmodo;
og477;jawbone;
og477;misfit;
og477;mybasis;
og477;polar;
og477;underarmour;
og478;miles-and-more;
og478;miles-and-more.kartenabrechnung;
og478;if.corp.iberia;
og478;airnewzealand;
og478;flightbookings.airnewzealand;
og478;shop.virgin-atlantic;
og478;portalwifi.iberia;
og478;web.qantas;
og478;iberia;
og478;flightbookings.airnewzealand;
og478;federation.alitalia;
og478;united-kids-foundations;
og478;flyinaway;
og478;flightaware;
og478;britishairways;
og478;flyertalk;
og478;flyingblue;
og478;frequentflyeritalia;
og478;qantas;
og478;skyteam;
og478;united;
og478;virgin-atlantic;
og478;wanderbat;
og479;mode-et-caftan;
og479;mona-mode;
og479;ado-mode-demploi;
og479;en.yelp;
og479;yelp;
og479;win.purina-gourmet;
og479;ancienne-mode;
og479;yelp;
og479;101cookbooks;
og479;adventures-in-cooking;
og479;amummytoo;
og479;asadoretxebarri;
og479;atasteofspain;
og479;cocodemama;
og479;cooksister;
og479;divinacucina-blog;
og479;holafoodie;
og479;italianfoodforever;
og479;latartinegourmande;
og479;mode;
og479;parisbymouth;
og479;patriciawells;
og479;tinnedtomatoes;
og479;opentable;
og480;nfluk;
og480;britishamericanfootball;
og480;elitefoot;
og480;fffa;
og480;footballamerica;
og480;footballamericain;
og480;nfl;
og480;nflitaliablog;
og480;nflreligion;
og480;nfluk;
og480;superbowl;
og480;tiendanfl;
og480;univision;
og480;usafootball;
og480;nflshop;
og481;jeuxvideo;
og481;ea.financial-net;
og481;gate-to-the-games;
og481;live.ea;
og481;coc-games;
og481;maxxi-games;
og481;games;
og481;pozzi-games;
og481;huawei-games;
og481;guidesarchive.ign;
og481;ea;
og481;eurogamer;
og481;gamekult;
og481;gamespot;
og481;ign;
og481;miniclip;
og481;multiplayer;
og481;niubie;
og481;pcgamer;
og482;firenze.repubblica;
og482;espresso.repubblica;
og482;oasjs.repubblica;
og482;planet-fitness;
og482;nestle-fitness;
og482;fantacalcio.repubblica;
og482;survey.o.webmd;
og482;medico-bambini-genova.blogautore.repubblica;
og482;fitness-cardio-training;
og482;aerobics.lafitness;
og482;medicamentos.doctissimo;
og482;nutricion.doctissimo;
og482;studio-fitness;
og482;rubino.blogautore.repubblica;
og482;doctissimo;
og482;french-fitness-lifestyle;
og482;medico-generico-d.blogautore.repubblica;
og482;fitness-checker;
og482;espaces-fitness;
og482;fitness-concept;
og482;health-fitness-weight-loss-results;
og482;boutique-bologna.blogautore.repubblica;
og482;cianciullo.blogautore.repubblica;
og482;fr.topsante;
og482;fitness-factory;
og482;body-n-fitness;
og482;lafitness;
og482;webmd;
og482;24hourfitness;
og482;cityfitnessgym;
og482;clevelandclinic;
og482;coni;
og482;doctissimo;
og482;entrainement-sportif;
og482;entrenamiento;
og482;sport-controle;
og482;sportandhealth;
og482;topnutrition;
og482;topsante;
og483;zoopla;
og483;click.email.zillow;
og483;ec.fnaim-connect;
og483;develop.zillow;
og483;commercial.century21;
og483;fnaim-gironde;
og483;premieragent.zillow;
og483;century21-bg-villeneuve;
og483;century21-pasquet-montlucon;
og483;century21-alp-aix-les-bains;
og483;century21-lagence-foix;
og483;brussels-sothebysrealty;
og483;century21-harmony-evreux;
og483;century21-patrimoine24-sarlat;
og483;century21-activimmo-meze;
og483;century21-ntp-douvres;
og483;century21-accore-st-valery-caux;
og483;century21-oci-pau;
og483;century21-boissiere-montreuil;
og483;century21-lafargue-salies;
og483;fnaim-vacances;
og483;reg.realtor;
og483;century21-p-immo-salies-salat;
og483;revoc.zillow.local;
og483;century21-al-golfe-juan;
og483;century21-diderot-chaumont;
og483;century21-christal-amberieu;
og483;wfc-dev-pun-013.uni.zillow.local;
og483;century21-alpha-75004;
og483;century21-chorus-bastille;
og483;century21-aars;
og483;listhub.sothebysrealty;
og483;century21-alpha-paris-8;
og483;century21-aic-valence;
og483;century21-pi-immobilier-69000;
og483;aboutus.homefinder;
og483;zillow;
og483;agents.trulia;
og483;agents.trulia;
og483;orpi-immobilier-villeurbanne;
og483;hudagov;
og483;agence-les-lys.orpi.opinionsystem;
og483;bc-immobilier-lepontet.orpi.opinionsystem;
og483;century21;
og483;mortgageapi.develop.zillow;
og483;hud;
og483;christiesrealestate;
og483;cieloazulestate;
og483;easyrenting;
og483;fnaim;
og483;foxtons;
og483;homefinder;
og483;marbellissima;
og483;orpi;
og483;realtor;
og483;rightmove;
og483;savills;
og483;sothebysrealty;
og483;trulia;
og484;pbs;
og484;espaces-latinos;
og484;l.a.latina.over-blog;
og484;exilio;
og484;pewhispanic;
og484;riviera-latina;
og484;latina;
og484;latinolife;
og484;latinomarket;
og484;latinousa;
og484;mundolatinouk;
og485;zoopla;
og485;casa;
og485;empleo.trovit;
og485;forrent;
og485;mieszkania.trovit;
og485;annunci-casa;
og485;brico-casa;
og485;samochody.trovit;
og485;pron.rent-yacht;
og485;eixnbeweb01.rent-at-avis;
og485;t1.ml.seloger;
og485;espaciourbano;
og485;realestate.casa-londra;
og485;studiomail77.agenzie.casa;
og485;casa.governo;
og485;rent;
og485;espaciourbano;
og485;fincaraiz;
og485;gumtree;
og485;metrocuadrado;
og485;mioaffitto;
og485;paruvendu;
og485;primelocation;
og485;trovit;
og485;vrbo;
og485;zoopla;
og486;tripadvisor;
og486;trivago;
og486;i.dailymail;
og486;hotels.liligo;
og486;expedia;
og486;za.hotels;
og486;da.hotels;
og486;viajerospiratas.kayak;
og486;leonardo-hotels;
og486;voyages-lonelyplanet.liligo;
og486;hotels.vuesurmer;
og486;kayak;
og486;long.hotels-ph;
og486;bulgaria-hotels;
og486;renaissance-hotels.marriott;
og486;croisiere.expedia;
og486;hotels.vuesurmer;
og486;wifi-restaurant.louvre-hotels;
og486;haiyi-hotels;
og486;serways-hotels;
og486;kayak-lesepinoches;
og486;fantasyfootball.dailymail;
og486;jira.hotels;
og486;marienbad-hotels;
og486;media.expedia;
og486;lorrainecanoe-kayak;
og486;belere-hotels;
og486;paxos-island-hotels;
og486;pckoeln.consul-hotels;
og486;resaweb.hotels-amneville;
og486;nagoya.theb-hotels;
og486;schick-hotels;
og486;erwachsenen-hotels;
og486;long39.hotels-worldwide;
og486;scesaplana.s-hotels;
og486;alnm-kayak;
og486;moscow-hotels;
og486;hotels-sarlat-perigord;
og486;kec-kayak;
og486;all-seasons-hotels;
og486;aktiv-hotels;
og486;hotels-napoli;
og486;areal-hotels;
og487;aviva;
og487;switch.axa;
og487;recrutement.axa;
og487;neolane-icf.axa;
og487;epargneretraiteentreprise.axa;
og487;moneymovement.fidelity;
og487;cf-vanguard;
og487;invest-miami;
og487;x-invest;
og487;portal.axa;
og487;confort-invest;
og487;aviva;
og487;secure.principal;
og487;certificate.axa-assistance;
og487;location-voiture-simple;
og487;hq-invest;
og487;assurance.axa;
og487;ae.axa-gulf;
og487;forum.worldwide-invest;
og487;hotel-aviva;
og487;contacto.axa;
og487;smlogon.applications.services.axa-tech.intraxa;
og487;r.immo-invest-web-point;
og487;barnies-art-invest;
og487;edelivery.fidelity;
og487;axa;
og487;avivadirect;
og487;futureadvisor;
og487;simple;
og487;wealthfront;
og487;simplyhired;
og487;bnpparibas;
og487;caribz;
og487;consar;
og487;fidelity;
og487;fondipzurich;
og487;invest;
og487;lacassa;
og487;mutuelleepargneretraite;
og487;principal;
og487;profuturo;
og487;standardlife;
og487;vanguard;
og488;monster;
og488;bakeca;
og488;empleo.trovit;
og488;mieszkania.trovit;
og488;bakeca;
og488;27esimaora.corriere;
og488;bakeca;
og488;jobs.mgsapps.monster;
og488;bakeca;
og488;cinquantamila.corriere;
og488;co.conv.indeed;
og488;adecco;
og488;bakeca;
og488;samochody.trovit;
og488;bakeca;
og488;careerbuilder;
og488;bakeca;
og488;myadecco.adecco;
og488;laspezia.bakeca;
og488;crowd.indeed;
og488;billing.indeed;
og488;offre-emploi.monster;
og488;en.monster;
og488;conseils-carriere.monster;
og488;emploi.monster;
og488;promozioni.subito;
og488;lettura.corriere;
og488;firenze.corriere;
og488;selezione.monster;
og488;login.monster;
og488;lavoro-estero.monster;
og488;sso.manpower;
og488;beta.careerbuilder;
og488;beta.careerbuilder;
og488;game-of-dice.wikia;
og488;monster-piscine;
og488;manpower;
og488;video.corriere;
og488;corriere;
og488;jobteaser;
og489;france.hermes;
og489;uk.hermes;
og489;finnishdesignshop;
og489;click.estore.gucci;
og489;hermes;
og489;boconcept;
og489;farfetch;
og489;finnishdesignshop;
og489;gucci;
og489;instantluxe;
og489;luisaviaroma;
og489;luxottica;
og489;matchesfashion;
og489;montaignemarket;
og489;mytheresa;
og489;net-a-porter;
og489;stylebop;
og489;trulyexperiences;
og489;coach;
og490;ea.financial-net;
og490;ninja-game;
og490;overwatch.campaign.blizzard;
og490;ga1.game-program;
og490;live.ea;
og490;zero.play;
og490;google-play.uptodown;
og490;m-game;
og490;ad.app.koi-game;
og490;daub-game.casinomodule;
og490;homefront-game;
og490;skillonnet-game.casinomodule;
og490;coc.game-k2;
og490;fanstudio;
og490;tema-play;
og490;24.play;
og490;essexccl.play-cricket;
og490;play;
og490;e-play;
og490;juegos-gratis;
og490;fr.battleship-game;
og490;betclicit-game.casinomodule;
og490;game-factory;
og490;play-zone;
og490;juegos-geograficos;
og490;rockfishing-game.over-blog;
og490;scorn-game;
og490;ae.game-store;
og490;gameloft;
og490;toucharcade;
og490;droidgamer;
og490;blizzard;
og490;fanstudio;
og490;girlsgogames;
og490;giochibelli;
og490;isladejuegos;
og490;pocketgamer;
og490;snail;
og491;dolceattesa.rcs;
og491;laurence-de-essonne.paroledemamans;
og491;allfortheboys;
og491;dolceattesa;
og491;madres;
og491;magicmaman;
og491;mamma;
og491;modernmom;
og491;motherandbaby;
og491;mumsnet;
og491;mpedia;
og491;netmums;
og491;paroledemamans;
og491;pianetamamma;
og491;radiomadre;
og491;workingmother;
og492;pandora;
og492;youraccount.help.soundcloud;
og492;estore-pl.pandora;
og492;careerssearch.bbc;
og492;rtl.radio;
og492;tsf-radio;
og492;pandora-portraitsdemainsprecieuses;
og492;advertising.pandora;
og492;billboard;
og492;rireetchansons.radio;
og492;radio-amatori;
og492;rcigp.radio;
og492;sports.usatoday;
og492;radio-in;
og492;radio-mitre;
og492;moje.radio.lublin;
og492;pandora-francais-vente;
og492;store.sonymusic;
og492;pandora-mt2;
og492;sonymusic;
og492;radio-g;
og492;news.mtv;
og492;mp3.soundcloud-downloader;
og492;sonymusic;
og492;frequencetropicale.radio;
og492;maison-bbc;
og492;generationsrapfr.radio;
og492;pages.estorenews.pandora;
og492;radiopaloma.radio;
og492;fandom.mtv;
og492;radio-magic;
og492;radio-movil;
og492;vo5-spotify;
og492;deezer;
og492;napster;
og492;spotify;
og492;npr;
og492;bbc;
og492;billboard;
og492;jamendo;
og492;newmusicusa;
og492;qobuz;
og492;sonymusic;
og492;tunein;
og492;ukmusic;
og492;usatoday;
og493;espanol.babycenter;
og493;midyorks;
og493;uhb;
og493;webmail.swlstg-tr;
og493;lnwh;
og493;erostering.uhns;
og493;letstalkaboutit;
og493;ipswichhospital;
og493;nct;
og493;liverpoolwomens;
og493;correo.ccadet.unam;
og493;snap;
og493;nht;
og493;norfolkcommunityhealthandcare;
og493;scot;
og493;2gether;
og493;nhs;
og493;cambscommunityservices;
og493;garons.les-parents-services;
og493;finanzasconproposito;
og493;foxtv;
og493;genitori;
og493;genitorisingleitalia;
og493;magicmaman;
og493;netsmartz;
og493;nct;
og493;parentinguk;
og493;parents;
og493;unam;
og494;eurocampioni.sky;
og494;video.lefigaro;
og494;verne.elpais;
og494;emocion.terra;
og494;ogwam.sky;
og494;elpais;
og494;assine.sky;
og494;vin.lefigaro;
og494;keyhani.blog.lemonde;
og494;elecciones.lavanguardia;
og494;social-login.cnn;
og494;voiture-autonome.lefigaro;
og494;diapo.actu.lemonde;
og494;international.nytimes;
og494;jobs.sky;
og494;election-presidentielle.linternaute;
og494;careerssearch.bbc;
og494;prix-immobilier.lemonde;
og494;masterchef.sky;
og494;chat.terra;
og494;moda.terra;
og494;i100.independent;
og494;sky-future;
og494;letter.sky;
og494;ebm.skymail.sky;
og494;carroonline.terra;
og494;sports.usatoday;
og494;long.blog.lemonde;
og494;liveblog.sport.sky;
og494;buscador.terra;
og494;envie-d-envies.lefigaro;
og494;dorval-am.lefigaro;
og494;a57.foxnews;
og494;xaviergorce.blog.lemonde;
og494;biosphere.blog.lemonde;
og494;mexico.cnn;
og495;inscription.attractiveworld;
og495;mobi.ca.match;
og495;feed.meetme;
og495;partner.edarling;
og495;rencontre.elitesingles;
og495;edarling;
og495;e.eharmony;
og495;e.eharmony;
og495;tr.ssl.meetme;
og495;amorenlinea;
og495;attractiveworld;
og495;be2;
og495;becoquin;
og495;cacciatrici;
og495;datingdirect;
og495;edarling;
og495;eharmony;
og495;elianamonti;
og495;elitesingles;
og495;incontridonne24;
og495;loventine;
og495;match;
og495;meetme;
og495;zoosk;
og495;meetic;
og496;befr.ebay;
og496;fr.showroomprive;
og496;images-na.ssl-images-amazon;
og496;feedback.ebay;
og496;contact.ebay;
og496;reg.ebay;
og496;ocsnext.ebay;
og496;cart.payments.ebay;
og496;csr.ebay;
og496;rover.ebay;
og496;signin.ebay;
og496;ecx.images-amazon;
og496;cgi.ebay;
og496;sellercentral-japan.amazon;
og496;k2b-bulk.ebay;
og496;amazon;
og496;signin.befr.ebay;
og496;stores.ebay;
og496;signin.cafr.ebay;
og496;dutch.alibaba;
og496;res.ebay;
og496;buyvrfn.ebay;
og496;offer.ebay;
og496;payments.ebay;
og496;service.alibaba;
og496;payments.amazon;
og496;scgi.ebay;
og496;postage.ebay;
og496;account.half.ebay;
og496;cgi3.ebay;
og496;signin.ebay;
og496;myworld.ebay;
og496;mediamarkt.ebay;
og496;astore.amazon;
og496;1-amazon-es.lp2.amazando;
og496;music.amazon;
og496;postorder.ebay;
og496;enquete.showroomprive;
og496;deals.cafr.ebay;
og496;japanese.alibaba;
og496;connect.ebay;
og496;gslblui.ebay;
og496;portal.ebay;
og496;dx-unlimited;
og496;ragu-homestyle-walmart.prohost;
og496;careers.bestbuy;
og496;channel.alibaba;
og496;mail.ebay;
og496;search.stores.ebay;
og496;asqfaqui.ebay;
og496;m1.live.brandalley;
og496;mesg.ebay;
og496;view.email.showroomprive;
og496;atm13.alibaba;
og496;returns.ebay;
og496;asos;
og496;boohoo;
og496;brandalley;
og496;graffitishop;
og496;lightinthebox;
og496;marksandspencer;
og496;priceminister;
og496;terranovastyle;
og496;tinydeal;
og496;topresellerstore;
og496;walmart;
og497;zooplus;
og497;t.zooplus;
og497;en.tiendanimal;
og497;sit-mstage.petco;
og497;city-countyshelter.petfinder;
og497;burlingtonanimalshelter.petfinder;
og497;boutique.wamiz;
og497;tiendanimal;
og497;anipedia;
og497;annuncianimali;
og497;best-pets;
og497;petfinder;
og497;petplanet;
og497;petsmart;
og497;puplife;
og497;setterbakio;
og497;tiendanimal;
og497;trovacuccioli;
og497;wamiz;
og497;wanimo;
og497;zolux;
og497;zoolandia;
og497;zooplus;
og498;photo.walgreens;
og498;webapp2.walgreens;
og498;acaciapharma;
og498;aptar;
og498;bayer;
og498;britannia-pharm;
og498;cosmopharma;
og498;eusapharma;
og498;fiercepharma;
og498;gwpharm;
og498;ionispharma;
og498;juniperpharma;
og498;macrolide;
og498;pharmamanufacturing;
og498;pharmatimes;
og498;phrma;
og498;purduepharma;
og498;redxpharma;
og498;roche;
og498;vrtx;
og500;secure.ssa;
og500;simulateur-retraite.agirc-arrco;
og500;afphabitat;
og500;switch.axa;
og500;recrutement.axa;
og500;search.ssa;
og500;neolane-icf.axa;
og500;epargneretraiteentreprise.axa;
og500;agirc-arrco;
og500;services-aux-retraites.sncf;
og500;portal.axa;
og500;covip;
og500;ani-seniors;
og500;usa-traffic-signs;
og500;certificate.axa-assistance;
og500;assurance.axa;
og500;ae.axa-gulf;
og500;agedepart-lassuranceretraite;
og500;contacto.axa;
og500;smlogon.applications.services.axa-tech.intraxa;
og500;lassuranceretraite;
og500;moneyadviceservice;
og500;nidirect;
og500;opm;
og500;pensionioggi;
og500;retireeasy;
og500;retraites;
og500;safp;
og500;ssa;
og500;usa;
og501;abonnes.lequipe;
og501;fanshop.dfb;
og501;aquitaine.fff;
og501;medias.lequipe;
og501;resultat-football;
og501;beta.livescore;
og501;shop.fcbarcelona;
og501;goal;
og501;scb-football;
og501;madridistas.realmadrid;
og501;virtualregatta.lequipe;
og501;football-tehran;
og501;goal;
og501;stade-bordelais-football;
og501;euro2016.goal;
og501;adrenaline.lequipe;
og501;wap.livescore;
og501;asptt-albi-football;
og501;vsf-football.footeo;
og501;us-football-fecamp;
og501;deb.goal;
og501;live-football-matches;
og501;101greatgoals;
og501;bundesliga;
og501;bvb;
og501;caughtoffside;
og501;dcunited;
og501;dfb;
og501;espnfc;
og501;fcbayern;
og501;football-espana;
og501;football-italia;
og501;football365;
og501;forzaitalianfootball;
og501;houstondynamo;
og501;italianfootballdaily;
og501;juventus;
og501;lagalaxy;
og501;livescore;
og501;marca;
og501;maxifoot;
og501;schalke04;
og501;sefutbol;
og501;sjearthquakes;
og501;sportingkc;
og501;sscnapoli;
og502;badoo;
og502;bebo;
og502;facebook;
og502;plus.google;
og502;instagram;
og502;hi5;
og502;linkedin;
og502;myspace;
og502;pinterest;
og502;tuenti;
og502;tumblr;
og502;twitter;
og502;viadeo;
og502;vimeo;
og503;weddingbee;
og503;gallery.weddingbee;
og503;reviews.weddingbee;
og503;adorn;
og503;advantagebridal;
og503;bluenile;
og503;aplusrstore;
og503;etsy;
og503;foryourparty;
og503;jamaligarden;
og503;jenniferbehr;
og503;kateaspen;
og503;mindyweiss;
og503;onegirlcookies;
og503;pearlriver;
og503;pingg;
og503;soonbride;
og503;sparkliatti;
og503;stylemepretty;
og503;weddingbee;
og504;fr.sports.yahoo;
og504;games.espn.go;
og504;live-sports-stream;
og504;espn;
og504;sports.daum;
og504;live-sports;
og504;twinner-sports;
og504;golf.sports.smt.docomo;
og504;pda.sports;
og504;nutrition-sports;
og504;sports;
og504;mikes-sports;
og504;planet-sports-res.cloudinary;
og504;creps-nancy-lorraine.jeunesse-sports;
og504;keller-sports;
og504;ju-sports;
og504;secure.sports-it;
og504;tousprets.sports;
og504;bluebay-sports;
og504;cafe-des-sports.lan;
og504;sports-nautiques;
og505;forums.futura-sciences;
og505;wired;
og505;careerssearch.bbc;
og505;gadget.wired;
og505;maison-bbc;
og505;computerworld;
og505;ssl.test.bbc;
og505;bbc;
og505;slashdot;
og505;tucows;
og505;arstechnica;
og505;ansa;
og505;arturogoga;
og505;futura-sciences;
og505;hipertextual;
og505;hwupgrade;
og505;industrie-techno;
og505;lemondenumerique;
og505;passionetecnologica;
og505;techuk;
og505;usatech;
og505;wired;
og505;zdnet;
og506;tripadvisor;
og506;trivago;
og506;expedia;
og506;za.hotels;
og506;expedia;
og506;ru.airbnb;
og506;croisiere.promovacances;
og506;trips.lastminute;
og506;da.hotels;
og506;viajerospiratas.kayak;
og506;holidays.lastminute;
og506;hotels.vuesurmer;
og506;kayak;
og506;lastminute-cottages;
og506;leonardo-hotels;
og506;booking;
og506;long.hotels-ph;
og506;bulgaria-hotels;
og506;renaissance-hotels.marriott;
og506;ie.lastminute;
og506;kalidea.promovacances;
og506;croisiere.expedia;
og506;booking-engine;
og506;hotels.vuesurmer;
og506;wifi-restaurant.louvre-hotels;
og506;haiyi-hotels;
og506;booking-gr;
og506;serways-hotels;
og506;kayak-lesepinoches;
og506;jira.hotels;
og506;bisa-booking.weebly;
og506;marienbad-hotels;
og506;media.expedia;
og506;lorrainecanoe-kayak;
og506;parents-booking;
og506;fi.airbnb;
og506;belere-hotels;
og506;airbnb;
og506;paxos-island-hotels;
og506;palacioshotel.booking-channel;
og506;nguyen73.list-hotels;
og506;pckoeln.consul-hotels;
og506;resaweb.hotels-amneville;
og506;speciali-lastminute;
og506;nagoya.theb-hotels;
og506;egypt-booking;
og506;schick-hotels;
og506;buensol-dot-apartments-web-booking;
og506;naftalan-booking;
og506;thalassocantabricolassirenas.booking-channel;
